"大分類カテゴリーコー","中分類カテゴリーコード","小分類カテゴリーコード","小分類カテゴリーコード"
"メンズファッション","トップス","長袖シャツ","300000055"
"メンズファッション","トップス","半袖シャツ","300000056"
"メンズファッション","トップス","その他","300000057"
"メンズファッション","トップス","ニット・セーター","300000071"
"メンズファッション","トップス","カットソー","300000072"
"メンズファッション","トップス","七分袖シャツ","300002275"
"メンズファッション","トップス","ユニークデザイン","300002276"
"メンズファッション","トップス","フード付き","300002277"
"メンズファッション","トップス","ポロシャツ","300002294"
"メンズファッション","トップス","カジュアルシャツ","300002295"
"メンズファッション","トップス","タンクトップ","300002296"
"メンズファッション","トップス","Tシャツ","300003249"
"腕時計・アクセサリー","アクセサリー・ジュエリー","ネックレス","300002342"
"腕時計・アクセサリー","アクセサリー・ジュエリー","指輪","320001121"
"腕時計・アクセサリー","アクセサリー・ジュエリー","アンクレット","320001451"
"腕時計・アクセサリー","アクセサリー・ジュエリー","ブレスレット","320001452"
"腕時計・アクセサリー","アクセサリー・ジュエリー","アクセサリー・ジュエリーケア用品","320001453"
"腕時計・アクセサリー","アクセサリー・ジュエリー","ジュエリーボックス","320001454"
"腕時計・アクセサリー","アクセサリー・ジュエリー","イヤリング","320001455"
"腕時計・アクセサリー","アクセサリー・ジュエリー","ピアス","320001456"
"腕時計・アクセサリー","アクセサリー・ジュエリー","コサージュ","320001457"
"腕時計・アクセサリー","アクセサリー・ジュエリー","ブローチ","320001458"
"腕時計・アクセサリー","アクセサリー・ジュエリー","チャーム","320001459"
"スポーツ","スポーツウェア","メンズスポーツウェア","300000204"
"スポーツ","スポーツウェア","レディーススポーツウェア","300000211"
"スポーツ","スポーツウェア","レディーススポーツインナー","300002872"
"スポーツ","スポーツウェア","メンズスポーツインナー","300002873"
"ベビー・マタニティ","お風呂用品","湯上りタオル・ガーゼハンカチ","320000468"
"ベビー・マタニティ","お風呂用品","その他","320000470"
"ベビー・マタニティ","ベビー服","よだれかけ","300000390"
"ベビー・マタニティ","ベビー服","おくるみ","300000391"
"ベビー・マタニティ","ベビー服","トップス","300000392"
"ベビー・マタニティ","出産お祝い","おむつケーキ","300000417"
"ベビー・マタニティ","出産お祝い","ギフトセット","320000492"
"ベビー・マタニティ","記念・行事用品","雛人形","320000487"
"ベビー・マタニティ","記念・行事用品","五月人形","320000488"
"ベビー・マタニティ","記念・行事用品","鯉のぼり","320000489"
"キッズ","男女兼用・その他の子供服","トップス","300002440"
"キッズ","雑貨・小物","その他","300000450"
"家具・インテリア","インテリア・装飾","インテリア雑貨","300000468"
"家具・インテリア","ミラー・ドレッサー","鏡","300002932"
"家具・インテリア","カーテン・ソファカバー・クッション","カーテン","300000466"
"日用品雑貨","生活雑貨","ギフト・イベントグッズ","300000488"
"日用品雑貨","生活雑貨","その他","300000489"
"日用品雑貨","生活雑貨","アロマオイル","300003266"
"日用品雑貨","生活雑貨","冬用品","320000515"
"日用品雑貨","消耗品","柔軟剤","300000490"
"日用品雑貨","消耗品","消臭剤・芳香剤","300002528"
"日用品雑貨","消耗品","洗濯洗剤","300003269"
"日用品雑貨","デンタルケア","歯磨き粉","300000507"
"日用品雑貨","衛生用品","生理用品","300000518"
"日用品雑貨","手芸・裁縫","その他","300000524"
"日用品雑貨","手芸・裁縫","裁縫道具","320000538"
"日用品雑貨","タオル","その他","320000535"
"文具","文房具","筆記具","300000525"
"文具","文房具","その他","300000532"
"文具","文房具","机上収納・整理用品","320000544"
"文具","オフィス用品","その他","300000533"
"文具","印鑑・スタンプ","その他","320000548"
"文具","印鑑・スタンプ","銀行印","320000549"
"文具","印鑑・スタンプ","認印","320000550"
"文具","印鑑・スタンプ","角印","320000551"
"文具","印鑑・スタンプ","ネーム印・浸透印","320000552"
"文具","印鑑・スタンプ","スタンプ","320000553"
"文具","印鑑・スタンプ","朱肉","320000554"
"文具","印鑑・スタンプ","印鑑ケース","320000555"
"文具","印鑑・スタンプ","ケース付印鑑セット","320000556"
"文具","印鑑・スタンプ","インク","320000557"
"文具","手帳・ダイアリー","手帳","300000527"
"文具","手帳・ダイアリー","アルバム","300000531"
"文具","手帳・ダイアリー","ブックカバー","320000558"
"文具","手帳・ダイアリー","その他","320000559"
"CD","BGM・サウンドトラック","BGM","300000688"
"CD","BGM・サウンドトラック","サウンドトラック","320000165"
"CD","アジア音楽","アジア音楽","300000687"
"CD","ヒーリング","ヒーリング","300002405"
"CD","ヒーリング","その他","300002406"
"CD","カラオケ","カラオケ","300002398"
"CD","クラシック","歌曲・オペラ・バレエ","300000682"
"CD","クラシック","古典・バロック・宗教音楽","300000691"
"CD","クラシック","交響曲","300002413"
"CD","クラシック","管弦楽","300002414"
"CD","クラシック","協奏曲","300002415"
"CD","クラシック","器楽曲","300002416"
"CD","クラシック","室内楽","300002417"
"CD","クラシック","その他","300002419"
"CD","ジャズ・フュージョン","ジャズ","300000683"
"CD","ジャズ・フュージョン","ジャズ・ボーカル","300002411"
"CD","ジャズ・フュージョン","フュージョン","320000152"
"CD","ソウル・R&B","ソウル","300002409"
"CD","ソウル・R&B","R&B","300002410"
"CD","ファミリー","アニメ","300000689"
"CD","ファミリー","童謡・童話","300000690"
"CD","ファミリー","TV幼児番組","300002402"
"CD","ファミリー","その他","320000162"
"CD","ロック・ポップス","ロック","300000684"
"CD","ロック・ポップス","ポップス","320000151"
"CD","歌謡曲・演歌","その他","300000692"
"CD","歌謡曲・演歌","歌謡曲","300002394"
"CD","歌謡曲・演歌","演歌","320000163"
"CD","学芸・教養","教材・実用","300002403"
"CD","学芸・教養","一般教養","300002404"
"CD","純邦楽・落語・民謡","民謡","300002399"
"CD","純邦楽・落語・民謡","純邦楽","300002400"
"CD","純邦楽・落語・民謡","その他","300002401"
"CD","純邦楽・落語・民謡","落語","320000164"
"CD","J-POP","J-POP","300000685"
"CD","その他","その他","320000058"
"CD","アニメ・ゲーム","アニメ","320000149"
"CD","アニメ・ゲーム","ゲーム","320000150"
"CD","ラップ・ヒップホップ","ラップ・ヒップホップ","320000155"
"CD","ダンス・ユーロビート","ダンス・ユーロビート","320000156"
"CD","ヘヴィメタル・ハードロック","ヘヴィメタル・ハードロック","320000157"
"CD","ワールドミュージック・レゲエ","ワールドミュージック","320000158"
"CD","ワールドミュージック・レゲエ","レゲエ","320000159"
"CD","ワールドミュージック・レゲエ","その他","320000160"
"Qoo10","Qoo10","Qoo10","300000704"
"DVD・Blu-ray","TVドラマ","海外ドラマ","300002229"
"DVD・Blu-ray","TVドラマ","日本ドラマ","300002230"
"DVD・Blu-ray","TVドラマ","中国・台湾","320000210"
"DVD・Blu-ray","アジア映画","その他","300002228"
"DVD・Blu-ray","アジア映画","中国・台湾","320000184"
"DVD・Blu-ray","アニメ","国内アニメ","300000674"
"DVD・Blu-ray","アニメ","海外アニメ","320000185"
"DVD・Blu-ray","カラオケ","カラオケ","300002423"
"DVD・Blu-ray","趣味・教養・文化","教育・教養","300000680"
"DVD・Blu-ray","趣味・教養・文化","趣味","300002236"
"DVD・Blu-ray","趣味・教養・文化","実用・ハウツー","300002435"
"DVD・Blu-ray","趣味・教養・文化","その他","300002436"
"DVD・Blu-ray","ミュージック","クラシック","300002428"
"DVD・Blu-ray","ミュージック","邦楽","320000206"
"DVD・Blu-ray","ミュージック","洋楽","320000207"
"DVD・Blu-ray","ミュージック","アジア音楽","320000208"
"DVD・Blu-ray","ミュージック","その他","320000209"
"DVD・Blu-ray","スポーツ","野球","300000677"
"DVD・Blu-ray","スポーツ","ドキュメンタリー","300002432"
"DVD・Blu-ray","スポーツ","ハウツー","300002433"
"DVD・Blu-ray","スポーツ","その他","300002434"
"DVD・Blu-ray","スポーツ","サッカー","320000193"
"DVD・Blu-ray","スポーツ","ゴルフ","320000194"
"DVD・Blu-ray","スポーツ","バスケットボール","320000195"
"DVD・Blu-ray","スポーツ","格闘技","320000196"
"DVD・Blu-ray","スポーツ","プロレス","320000197"
"DVD・Blu-ray","スポーツ","相撲","320000198"
"DVD・Blu-ray","スポーツ","モータースポーツ","320000199"
"DVD・Blu-ray","スポーツ","ウィンタースポーツ","320000200"
"DVD・Blu-ray","スポーツ","マリンスポーツ","320000201"
"DVD・Blu-ray","スポーツ","ギャンブル","320000202"
"DVD・Blu-ray","スポーツ","ダンス・バレエ","320000203"
"DVD・Blu-ray","ファミリー・キッズ","その他","300002232"
"DVD・Blu-ray","ファミリー・キッズ","アニメ","320000186"
"DVD・Blu-ray","ファミリー・キッズ","知育・教育","320000187"
"DVD・Blu-ray","ファミリー・キッズ","乗り物","320000188"
"DVD・Blu-ray","ファミリー・キッズ","動物","320000189"
"DVD・Blu-ray","ファミリー・キッズ","ヒーロー・戦隊","320000190"
"DVD・Blu-ray","邦画","ドラマ","300000675"
"DVD・Blu-ray","邦画","その他","300002227"
"DVD・Blu-ray","邦画","アクション・アドベンチャー","320000166"
"DVD・Blu-ray","邦画","SF・ファンタジー","320000167"
"DVD・Blu-ray","邦画","ラブロマンス","320000168"
"DVD・Blu-ray","邦画","ドキュメンタリー","320000169"
"DVD・Blu-ray","邦画","コメディー","320000170"
"DVD・Blu-ray","邦画","ミステリー・サスペンス","320000171"
"DVD・Blu-ray","邦画","ホラー","320000172"
"DVD・Blu-ray","邦画","パニック","320000173"
"DVD・Blu-ray","邦画","時代劇","320000174"
"DVD・Blu-ray","邦画","戦争","320000175"
"DVD・Blu-ray","邦画","青春・学園","320000176"
"DVD・Blu-ray","邦画","ミュージカル","320000177"
"DVD・Blu-ray","洋画","コメディー","300000673"
"DVD・Blu-ray","洋画","ドラマ","300000676"
"DVD・Blu-ray","洋画","ドキュメンタリー","300000678"
"DVD・Blu-ray","洋画","その他","300000681"
"DVD・Blu-ray","洋画","アクション・アドベンチャー","300002226"
"DVD・Blu-ray","洋画","SF・ファンタジー","300002429"
"DVD・Blu-ray","洋画","ミステリー・サスペンス","300002430"
"DVD・Blu-ray","洋画","ミュージカル","300002431"
"DVD・Blu-ray","洋画","ラブロマンス","320000178"
"DVD・Blu-ray","洋画","ホラー","320000179"
"DVD・Blu-ray","洋画","パニック","320000180"
"DVD・Blu-ray","洋画","時代劇","320000181"
"DVD・Blu-ray","洋画","戦争","320000182"
"DVD・Blu-ray","洋画","青春・学園","320000183"
"DVD・Blu-ray","アイドル","グラビアアイドル","300002438"
"DVD・Blu-ray","アイドル","その他","300002439"
"DVD・Blu-ray","その他","その他","320000070"
"DVD・Blu-ray","お笑い・バラエティ","お笑い","320000191"
"DVD・Blu-ray","お笑い・バラエティ","バラエティ","320000192"
"旅行・レジャー","海外現地ツアー","韓国","320001144"
"旅行・レジャー","海外現地ツアー","台湾","320001145"
"旅行・レジャー","海外現地ツアー","香港","320001146"
"旅行・レジャー","海外現地ツアー","中国","320001147"
"旅行・レジャー","海外現地ツアー","タイ","320001148"
"旅行・レジャー","海外現地ツアー","シンガポール","320001149"
"旅行・レジャー","海外現地ツアー","ベトナム","320001150"
"旅行・レジャー","海外現地ツアー","マレーシア","320001151"
"旅行・レジャー","海外現地ツアー","インドネシア","320001152"
"旅行・レジャー","海外現地ツアー","グアム","320001153"
"旅行・レジャー","海外現地ツアー","サイパン","320001154"
"旅行・レジャー","海外現地ツアー","ハワイ","320001155"
"旅行・レジャー","空港送迎","韓国","320001156"
"旅行・レジャー","空港送迎","台湾","320001157"
"旅行・レジャー","空港送迎","香港","320001158"
"旅行・レジャー","空港送迎","中国","320001159"
"旅行・レジャー","空港送迎","タイ","320001160"
"旅行・レジャー","空港送迎","シンガポール","320001161"
"旅行・レジャー","空港送迎","ベトナム","320001162"
"旅行・レジャー","空港送迎","マレーシア","320001163"
"旅行・レジャー","空港送迎","グアム","320001164"
"旅行・レジャー","空港送迎","サイパン","320001165"
"旅行・レジャー","空港送迎","ハワイ","320001166"
"旅行・レジャー","空港送迎","インドネシア","320001167"
"旅行・レジャー","空港送迎","国内","320001175"
"旅行・レジャー","レンタカー","北海道","320001168"
"旅行・レジャー","レンタカー","沖縄","320001169"
"旅行・レジャー","レンタカー","グアム","320001170"
"旅行・レジャー","レンタカー","サイパン","320001171"
"旅行・レジャー","レンタカー","パラオ","320001172"
"旅行・レジャー","レンタカー","ハワイ","320001173"
"旅行・レジャー","レンタカー","アメリカ","320001174"
"チケット・サービス","WiFiレンタル","WiFiレンタル","300002759"
"チケット・サービス","チケット","eチケット","300003026"
"チケット・サービス","チケット","K-POP","320001176"
"チケット・サービス","チケット","国内アーティスト","320001177"
"チケット・サービス","チケット","レジャー","320001178"
"チケット・サービス","チケット","電子ギフト券","320001618"
"チケット・サービス","サービス","サービス","320000260"
"KPOP","KPOP・韓流 CD・DVD","韓流ドラマ・映画OST","300002220"
"KPOP","KPOP・韓流 CD・DVD","韓流ドラマ・映画","300002231"
"KPOP","KPOP・韓流 CD・DVD","KPOP CD","300002851"
"KPOP","KPOP・韓流 CD・DVD","KPOP DVD","300002852"
"KPOP","KPOP 雑誌・写真集","KPOP 雑誌","300002853"
"KPOP","KPOP 雑誌・写真集","KPOP 写真集","300002854"
"KPOP","KPOP グッズ・その他","KPOP グッズ","300002855"
"KPOP","KPOP グッズ・その他","KSTARスタイル","300002856"
"KPOP","KPOP グッズ・その他","その他","300002857"
"シューズ","パンプス","ピンヒール","300000082"
"シューズ","パンプス","オープントゥ","300000084"
"シューズ","パンプス","スクエアトゥ","300000085"
"シューズ","パンプス","その他 パンプス","300000088"
"シューズ","パンプス","ラウンドトゥ","300000745"
"シューズ","パンプス","ポインテッドトゥ","300000746"
"シューズ","パンプス","ウェッジソール","300002321"
"シューズ","パンプス","ハンドメイド・オーダーメイド","300002585"
"シューズ","パンプス","バレエシューズ","320001142"
"メンズバッグ・シューズ・小物","メンズシューズ","カジュアル","300000078"
"メンズバッグ・シューズ・小物","メンズシューズ","その他","300000081"
"メンズバッグ・シューズ・小物","メンズシューズ","ブーツ","300000748"
"メンズバッグ・シューズ・小物","メンズシューズ","ビジネス","300002333"
"メンズバッグ・シューズ・小物","メンズシューズ","ローファー","300002334"
"メンズバッグ・シューズ・小物","メンズシューズ","スリッパ","320001468"
"メンズバッグ・シューズ・小物","メンズシューズ","サンダル","320001469"
"メンズバッグ・シューズ・小物","メンズ小物","ピアス","300000105"
"メンズバッグ・シューズ・小物","メンズ小物","ネックレス","300000106"
"メンズバッグ・シューズ・小物","メンズ小物","ブレスレット・バングル","300000107"
"メンズバッグ・シューズ・小物","メンズ小物","指輪","300000108"
"メンズバッグ・シューズ・小物","メンズ小物","メンズカジュアルベルト","300002178"
"メンズバッグ・シューズ・小物","メンズ小物","ペンダント・チョーカー","300002368"
"メンズバッグ・シューズ・小物","メンズ小物","チェーン","300002369"
"メンズバッグ・シューズ・小物","メンズ小物","カフス・タイピン","300002370"
"メンズバッグ・シューズ・小物","メンズ小物","帽子","300002866"
"メンズバッグ・シューズ・小物","メンズ小物","マフラー","300002867"
"メンズバッグ・シューズ・小物","メンズ小物","手袋","300002868"
"メンズバッグ・シューズ・小物","メンズ小物","その他","300002870"
"メンズバッグ・シューズ・小物","メンズ小物","眼鏡","320001472"
"メンズバッグ・シューズ・小物","メンズ小物","サングラス","320001473"
"キッチン用品","食器・グラス・カトラリー","食器","300000502"
"キッチン用品","食器・グラス・カトラリー","マグカップ・ティーカップ","300000503"
"キッチン用品","食器・グラス・カトラリー","箸・カトラリー","320000788"
"キッチン用品","食器・グラス・カトラリー","グラス","320001557"
"キッチン用品","食器・グラス・カトラリー","タンブラー","320001558"
"キッチン用品","キッチン雑貨","その他","300000504"
"キッチン用品","キッチン雑貨","水筒・マグボトル","320000794"
"ガーデニング・DIY・工具","DIY工具","その他","300000481"
"ガーデニング・DIY・工具","DIY工具","手動工具","320000870"
"ガーデニング・DIY・工具","DIY工具","電動工具","320000871"
"ガーデニング・DIY・工具","DIY工具","エア工具","320000872"
"ガーデニング・DIY・工具","DIY工具","エア工具用部品・アクセサリー","320000873"
"ガーデニング・DIY・工具","DIY工具","空調工具","320000874"
"ガーデニング・DIY・工具","DIY工具","塗装用品","320000875"
"ガーデニング・DIY・工具","DIY工具","接着・補修用品","320000876"
"ガーデニング・DIY・工具","DIY工具","作業灯・投光器","320000877"
"ガーデニング・DIY・工具","DIY工具","工具収納","320000878"
"ガーデニング・DIY・工具","花","鉢花","320001878"
"ガーデニング・DIY・工具","花","フラワーアレンジメント","320001879"
"ガーデニング・DIY・工具","花","花束","320001880"
"ガーデニング・DIY・工具","花","プリザーブドフラワー","320001881"
"ガーデニング・DIY・工具","花","ドライフラワー","320001882"
"ガーデニング・DIY・工具","花","造花","320001883"
"ガーデニング・DIY・工具","花","観葉植物","320001884"
"ガーデニング・DIY・工具","花","ハーバリウム","320001885"
"ガーデニング・DIY・工具","花","その他","320001886"
"おもちゃ・知育","子供用文房具","ステッカー・シール","300003172"
"下着・レッグウェア","靴下・レッグウェア","靴下","300000048"
"下着・レッグウェア","靴下・レッグウェア","ストッキング","300000049"
"下着・レッグウェア","靴下・レッグウェア","その他 靴下・レッグウェア","300002267"
"下着・レッグウェア","ブラジャー","ブラジャー","300000029"
"下着・レッグウェア","ブラジャー","ノンワイヤーブラ","300002901"
"下着・レッグウェア","ブラジャー","スポーツブラ","300002902"
"下着・レッグウェア","ブラジャー","ナイトブラ","300002903"
"下着・レッグウェア","ブラジャー","シリコンブラ","300002904"
"下着・レッグウェア","ショーツ","ショーツ","300000030"
"下着・レッグウェア","ショーツ","サニタリーショーツ","300002905"
"下着・レッグウェア","ブラ＆ショーツ上下セット","ブラ＆ショーツ上下セット","300000714"
"ドラッグストア","風邪薬","熱の風邪","300003299"
"ドラッグストア","風邪薬","鼻水の風邪","300003300"
"ドラッグストア","風邪薬","のど・せきの風邪","300003301"
"ドラッグストア","鼻水・鼻炎","アレルギー性鼻炎薬","300003302"
"ドラッグストア","鼻水・鼻炎","鼻づまり緩和塗布剤","300003303"
"ドラッグストア","痛み止め","解熱剤","300003304"
"ドラッグストア","痛み止め","頭痛薬","300003305"
"ドラッグストア","痛み止め","生理痛","300003306"
"ドラッグストア","痛み止め","歯痛","300003307"
"ドラッグストア","痛み止め","肩こり用","300003308"
"ドラッグストア","目薬","疲れ目","300003309"
"ドラッグストア","目薬","充血","300003310"
"ドラッグストア","目薬","コンタクト用","300003311"
"ドラッグストア","目薬","ドライアイ用","300003312"
"ドラッグストア","胃腸薬","食べすぎ","300003313"
"ドラッグストア","胃腸薬","食欲不振","300003314"
"ドラッグストア","胃腸薬","整腸剤","300003315"
"ドラッグストア","肩こり・腰痛・筋肉痛緩和","内服薬","300003316"
"ドラッグストア","肩こり・腰痛・筋肉痛緩和","外用薬","300003317"
"ドラッグストア","漢方薬・生薬","葛根湯(風邪・肩こり)","300003318"
"ドラッグストア","漢方薬・生薬","麻黄湯(風邪・発熱)","300003319"
"ドラッグストア","漢方薬・生薬","小青竜湯(鼻炎・花粉症)","300003320"
"ドラッグストア","漢方薬・生薬","防風通聖散(肥満・むくみ)","300003321"
"ドラッグストア","漢方薬・生薬","五苓散(下痢・二日酔い)","300003322"
"ドラッグストア","漢方薬・生薬","その他","300003392"
"ドラッグストア","肌・皮膚の薬","しっしん・かゆみ","300003323"
"ドラッグストア","肌・皮膚の薬","ニキビ治療薬","300003324"
"ドラッグストア","肌・皮膚の薬","虫刺され","300003325"
"ドラッグストア","肌・皮膚の薬","肌用虫除け","300003326"
"ドラッグストア","肌・皮膚の薬","皮膚用治療薬","300003327"
"ドラッグストア","肌・皮膚の薬","傷薬・傷口用消毒剤","300003328"
"ドラッグストア","のど・口中薬","のど飴・トローチ","300003329"
"ドラッグストア","のど・口中薬","うがい薬","300003330"
"ドラッグストア","のど・口中薬","のどスプレー","300003331"
"ドラッグストア","のど・口中薬","口中薬","300003332"
"ドラッグストア","のど・口中薬","せき止め","300003333"
"ドラッグストア","便秘薬・下痢止め","便秘内服薬","300003334"
"ドラッグストア","便秘薬・下痢止め","坐薬・浣腸","300003335"
"ドラッグストア","便秘薬・下痢止め","下痢止め","300003336"
"ドラッグストア","水虫改善薬","液剤","300003337"
"ドラッグストア","水虫改善薬","クリーム・軟膏","300003338"
"ドラッグストア","水虫改善薬","スプレー","300003339"
"ドラッグストア","ドリンク剤・ビタミン剤・活力剤","ビタミン剤","300003340"
"ドラッグストア","ドリンク剤・ビタミン剤・活力剤","カルシウム剤","300003341"
"ドラッグストア","ドリンク剤・ビタミン剤・活力剤","滋養強壮剤","300003342"
"ドラッグストア","ドリンク剤・ビタミン剤・活力剤","薬用酒","300003343"
"ドラッグストア","検査薬","妊娠検査薬","300003344"
"ドラッグストア","検査薬","尿糖・尿たんぱく検査薬","300003345"
"ドラッグストア","育毛・養毛剤","医薬品","300003346"
"ドラッグストア","育毛・養毛剤","医薬部外品","300003347"
"ドラッグストア","育毛・養毛剤","育毛・養毛剤","300003348"
"ドラッグストア","その他の薬","うおの目・たこ・イボ改善薬","300003352"
"ドラッグストア","その他の薬","動悸・息切れ","300003353"
"ドラッグストア","その他の薬","婦人薬","300003354"
"ドラッグストア","その他の薬","乗り物酔い止め","300003355"
"ドラッグストア","その他の薬","その他","300003356"
"自転車","自転車本体","折り畳み自転車","300000247"
"自転車","自転車本体","シティ・ロードサイクル","300000249"
"自転車","自転車本体","電動アシスト自転車","300000250"
"自転車","自転車本体","幼児用・子供用自転車","300003417"
"自転車","自転車本体","クロス・ロード・マウンテンバイク","320000982"
"自転車","自転車本体","その他","320000983"
"寝具・ベッド・マットレス","毛布・ブランケット・タオルケット","ブランケット","320000022"
"ベースメイク","ファンデーション","リキッドファンデーション","320001660"
"ポイントメイク","アイブロウ","アイブロウペンシル","320001683"
"ポイントメイク","アイシャドウ","アイシャドウベース","320001694"
"ポイントメイク","アイシャドウ","パウダーアイシャドウ","320001695"
"ポイントメイク","アイシャドウ","クリームアイシャドウ","320001696"
"ポイントメイク","アイシャドウ","ピグメント","320001697"
"ポイントメイク","アイシャドウ","アイシャドウパレット","320001698"
"ポイントメイク","アイシャドウ","スティックアイシャドウ","320001699"
"ポイントメイク","アイシャドウ","涙袋メイク","320001700"
"ポイントメイク","マスカラ","マスカラ","320001705"
"ポイントメイク","リップメイク","リップスティック","320001710"
"ポイントメイク","リップメイク","リップパレット","320001711"
"ポイントメイク","リップメイク","リップタトゥー","320001712"
"ポイントメイク","リップメイク","リップライナー","320001713"
"ポイントメイク","リップメイク","リップティント","320001714"
"ポイントメイク","リップメイク","リップグロス","320001715"
"ポイントメイク","リップメイク","リップクリーム・バーム","320001716"
"ヘア","ヘアケア","ヘアオイル","320001778"
"ネイル","簡単貼るタイプ","ネイルチップ","320001805"
"ネイル","簡単貼るタイプ","ネイルシール","320001806"
"ネイル","マニキュア・ジェル・アート関連","トップ・ベースジェル・ネイルプライマー","320001807"
"ネイル","マニキュア・ジェル・アート関連","マニキュア","320001808"
"ネイル","マニキュア・ジェル・アート関連","ジェルカラー","320001809"
"ネイル","マニキュア・ジェル・アート関連","ジェルネイル用ライト","320001810"
"ネイル","マニキュア・ジェル・アート関連","接着剤","320001811"
"ネイル","マニキュア・ジェル・アート関連","デコパーツ","320001812"
"ネイル","マニキュア・ジェル・アート関連","ネイルファイル","320001813"
"ネイル","マニキュア・ジェル・アート関連","ネイルブラシ","320001814"
"ネイル","マニキュア・ジェル・アート関連","ウッドスティック","320001815"
"ネイル","マニキュア・ジェル・アート関連","ネイル用コットン","320001816"
"ネイル","マニキュア・ジェル・アート関連","ネイルリムーバー","320001817"
"ネイル","マニキュア・ジェル・アート関連","ネイルアームレスト","320001818"
"ネイル","マニキュア・ジェル・アート関連","トレーニングハンド","320001819"
"ネイル","マニキュア・ジェル・アート関連","セット","320001820"
"コンタクトレンズ","クリアレンズ","1day","320001870"
"コンタクトレンズ","クリアレンズ","2week","320001871"
"コンタクトレンズ","クリアレンズ","マンスリー","320001872"
"コンタクトレンズ","カラーコンタクト","1day","320001873"
"コンタクトレンズ","カラーコンタクト","2week","320001874"
"コンタクトレンズ","カラーコンタクト","マンスリー","320001875"
"","","","320002071"
"","","","320002072"
"","","","320002073"
"","","","320002074"
"","","","320002075"
"","","","320002076"
"","","","320002077"
"","","","320002078"
"","","","320002079"
"","","","320002080"
"","","","320002081"
"","","","320002082"
"","","","320002083"
"","","","320002084"
"犬用品","フード・おやつ・サプリメント","ウェットフード","320002489"
"犬用品","フード・おやつ・サプリメント","ドライフード","320002490"
"犬用品","フード・おやつ・サプリメント","療法食","320002491"
"犬用品","フード・おやつ・サプリメント","おやつ","320002492"
"犬用品","フード・おやつ・サプリメント","サプリメント","320002493"
"犬用品","フード・おやつ・サプリメント","その他","320002494"
"犬用品","トイレ用品","ペットシーツ","320002495"
"犬用品","トイレ用品","紙おむつ","320002496"
"犬用品","トイレ用品","トレー・トイレ容器","320002497"
"犬用品","トイレ用品","マナーパンツ","320002498"
"犬用品","トイレ用品","マナーベルト","320002499"
"犬用品","トイレ用品","マナーパッド・ナプキン","320002500"
"犬用品","トイレ用品","サニタリーパンツ","320002501"
"犬用品","首輪・ハーネス","首輪","320002502"
"犬用品","首輪・ハーネス","胴輪・ハーネス","320002503"
"犬用品","首輪・ハーネス","リード","320002504"
"犬用品","首輪・ハーネス","迷子札・ネームタグ・チャーム","320002505"
"犬用品","首輪・ハーネス","首輪・ハーネス部品","320002506"
"犬用品","ドッグウェア","オールシーズンウェア","320002507"
"犬用品","ドッグウェア","防寒着","320002508"
"犬用品","ドッグウェア","レインコート","320002509"
"犬用品","ドッグウェア","帽子・アクセサリー","320002510"
"犬用品","おもちゃ","骨・ボーン","320002511"
"犬用品","おもちゃ","ぬいぐるみ","320002512"
"犬用品","おもちゃ","ボール","320002513"
"犬用品","おもちゃ","ロープ","320002514"
"犬用品","おもちゃ","リング","320002515"
"犬用品","おもちゃ","フリスビー","320002516"
"犬用品","おもちゃ","サイコロ・キューブ","320002517"
"犬用品","おもちゃ","パズル・知育おもちゃ","320002518"
"犬用品","おもちゃ","その他","320002519"
"犬用品","お出かけ用品","カート","320002520"
"犬用品","お出かけ用品","ペットキャリー・コンテナ","320002521"
"犬用品","お出かけ用品","スリング","320002522"
"犬用品","お出かけ用品","キャリーバッグ","320002523"
"犬用品","お出かけ用品","フンキャッチャー","320002524"
"犬用品","お出かけ用品","消臭ポーチ・マナーポーチ","320002525"
"犬用品","お出かけ用品","携帯水筒","320002526"
"犬用品","お出かけ用品","携帯おやつケース","320002527"
"犬用品","お出かけ用品","ペット用ごみ袋","320002528"
"犬用品","お出かけ用品","ドライブグッズ","320002529"
"犬用品","お出かけ用品","アウトドア用品","320002530"
"犬用品","しつけ・介護用品","無駄吠え防止用品","320002531"
"犬用品","しつけ・介護用品","噛み癖・舐め癖防止用品","320002532"
"犬用品","しつけ・介護用品","食フン防止用品","320002533"
"犬用品","しつけ・介護用品","競技用品・クリッカー","320002534"
"犬用品","しつけ・介護用品","エリザベスカラー","320002535"
"犬用品","しつけ・介護用品","介護用ハーネス・術後ウェア","320002536"
"犬用品","しつけ・介護用品","介護用マット","320002537"
"犬用品","しつけ・介護用品","その他介護用品","320002538"
"犬用品","医薬品・医療用品","ノミ・ダニ駆除薬","320002539"
"犬用品","医薬品・医療用品","目薬","320002540"
"犬用品","医薬品・医療用品","胃腸薬・下痢止め","320002541"
"犬用品","医薬品・医療用品","皮膚薬","320002542"
"犬用品","医薬品・医療用品","外耳炎薬","320002543"
"犬用品","医薬品・医療用品","虫下し","320002544"
"犬用品","医薬品・医療用品","医療用品・検査キット","320002545"
"猫用品","フード・おやつ・サプリメント","ウェットフード","320002546"
"猫用品","フード・おやつ・サプリメント","ドライフード","320002547"
"猫用品","フード・おやつ・サプリメント","療法食","320002548"
"猫用品","フード・おやつ・サプリメント","おやつ","320002549"
"猫用品","フード・おやつ・サプリメント","猫用草・またたび","320002550"
"猫用品","フード・おやつ・サプリメント","サプリメント","320002551"
"猫用品","フード・おやつ・サプリメント","その他","320002552"
"猫用品","トイレ用品","猫砂","320002553"
"猫用品","トイレ用品","トレー・トイレ容器","320002554"
"猫用品","トイレ用品","砂取りマット","320002555"
"猫用品","トイレ用品","トイレスコップ","320002556"
"猫用品","トイレ用品","ペットシーツ","320002557"
"猫用品","トイレ用品","おむつ","320002558"
"猫用品","首輪・ハーネス・服","服・アクセサリー","320002559"
"猫用品","首輪・ハーネス・服","首輪","320002560"
"猫用品","首輪・ハーネス・服","胴輪・ハーネス","320002561"
"猫用品","首輪・ハーネス・服","迷子札・ネームタグ・チャーム","320002562"
"猫用品","首輪・ハーネス・服","首輪・ハーネス部品","320002563"
"猫用品","おもちゃ","ボール・ネズミタイプ","320002564"
"猫用品","おもちゃ","猫じゃらし・釣り竿","320002565"
"猫用品","おもちゃ","ぬいぐるみ・けりぐるみ","320002566"
"猫用品","おもちゃ","トンネルタイプ","320002567"
"猫用品","おもちゃ","ライトタイプ","320002568"
"猫用品","おもちゃ","その他","320002569"
"猫用品","キャットタワー・ステップ","キャットタワー","320002570"
"猫用品","キャットタワー・ステップ","キャットステップ","320002571"
"猫用品","お出かけ用品","カート","320002572"
"猫用品","お出かけ用品","ペットキャリー・コンテナ","320002573"
"猫用品","お出かけ用品","キャリーバッグ","320002574"
"猫用品","しつけ・介護用品","しつけ用品","320002575"
"猫用品","しつけ・介護用品","介護用品","320002576"
"猫用品","医薬品・医療用品","ノミ・ダニ駆除薬","320002577"
"猫用品","医薬品・医療用品","目薬","320002578"
"猫用品","医薬品・医療用品","胃腸薬・下痢止め","320002579"
"猫用品","医薬品・医療用品","皮膚薬","320002580"
"猫用品","医薬品・医療用品","外耳炎薬","320002581"
"猫用品","医薬品・医療用品","虫下し","320002582"
"猫用品","医薬品・医療用品","医療用品・検査キット","320002583"
"バス・お手入れ用品","シャンプー・リンス","シャンプー","320002584"
"バス・お手入れ用品","シャンプー・リンス","リンス・コンディショナー","320002585"
"バス・お手入れ用品","シャンプー・リンス","ノミ取りシャンプー","320002586"
"バス・お手入れ用品","バス用品","バスタブ","320002587"
"バス・お手入れ用品","バス用品","入浴剤","320002588"
"バス・お手入れ用品","バス用品","バスローブ・タオル","320002589"
"バス・お手入れ用品","バス用品","マット・バスアクセサリー","320002590"
"バス・お手入れ用品","トリミング用品","抜け毛取り","320002591"
"バス・お手入れ用品","トリミング用品","コーム・クシ","320002592"
"バス・お手入れ用品","トリミング用品","ピンブラシ・ラバーブラシ・スリッカーブラシ","320002593"
"バス・お手入れ用品","トリミング用品","はさみ","320002594"
"バス・お手入れ用品","トリミング用品","バリカン","320002595"
"バス・お手入れ用品","トリミング用品","ブラッシングスプレー","320002596"
"バス・お手入れ用品","トリミング用品","トリミングテーブル","320002597"
"バス・お手入れ用品","トリミング用品","グルーミングハンモック","320002598"
"バス・お手入れ用品","トリミング用品","手袋","320002599"
"バス・お手入れ用品","トリミング用品","エプロン","320002600"
"バス・お手入れ用品","デンタルケア用品","歯磨き粉","320002601"
"バス・お手入れ用品","デンタルケア用品","歯磨き用おもちゃ・ゴム","320002602"
"バス・お手入れ用品","デンタルケア用品","歯ブラシ","320002603"
"バス・お手入れ用品","デンタルケア用品","歯磨きセット","320002604"
"バス・お手入れ用品","スキンケア用品","スキンケアスプレー","320002605"
"バス・お手入れ用品","スキンケア用品","スキンケアクリーム・コロン","320002606"
"バス・お手入れ用品","耳ケア用品","耳そうじ用乳液・クレンジング・パウダー","320002607"
"バス・お手入れ用品","耳ケア用品","ペット用綿棒","320002608"
"バス・お手入れ用品","耳ケア用品","耳洗浄液・イヤークリーナー","320002609"
"バス・お手入れ用品","爪・肉球ケア用品","爪とぎ","320002610"
"バス・お手入れ用品","爪・肉球ケア用品","爪切り","320002611"
"バス・お手入れ用品","爪・肉球ケア用品","爪やすり","320002612"
"バス・お手入れ用品","爪・肉球ケア用品","ネイル","320002613"
"バス・お手入れ用品","爪・肉球ケア用品","肉球ケア用品","320002614"
"バス・お手入れ用品","防虫・ノミ・ダニ対策用品","防虫・虫除け用品","320002615"
"バス・お手入れ用品","防虫・ノミ・ダニ対策用品","ノミ取りブラシ・くし","320002616"
"バス・お手入れ用品","防虫・ノミ・ダニ対策用品","ノミ取り首輪","320002617"
"バス・お手入れ用品","衛生・掃除用品","除菌・消臭・脱臭用品","320002618"
"バス・お手入れ用品","衛生・掃除用品","ウェットティッシュ","320002619"
"バス・お手入れ用品","衛生・掃除用品","お掃除ローラー","320002620"
"バス・お手入れ用品","衛生・掃除用品","殺虫用品","320002621"
"食器・給水器・給餌器","食器・テーブル・マット","食器","320002622"
"食器・給水器・給餌器","食器・テーブル・マット","食器台・テーブル","320002623"
"食器・給水器・給餌器","食器・テーブル・マット","ランチョンマット","320002624"
"食器・給水器・給餌器","給水器・給餌器・哺乳器","給水器","320002625"
"食器・給水器・給餌器","給水器・給餌器・哺乳器","給餌器・フードディスペンサー","320002626"
"食器・給水器・給餌器","給水器・給餌器・哺乳器","哺乳器","320002627"
"食器・給水器・給餌器","フードストッカー","フードストッカー・容器","320002628"
"食器・給水器・給餌器","フードストッカー","フードスプーン・スコップ・計量器","320002629"
"食器・給水器・給餌器","フードストッカー","フードクリップ・フタ","320002630"
"ペットインテリア・雑貨","家具・収納用品・ハウス","キャットハウス","320002631"
"ペットインテリア・雑貨","家具・収納用品・ハウス","犬小屋","320002632"
"ペットインテリア・雑貨","家具・収納用品・ハウス","ケージ","320002633"
"ペットインテリア・雑貨","家具・収納用品・ハウス","サークル","320002634"
"ペットインテリア・雑貨","家具・収納用品・ハウス","スロープ","320002635"
"ペットインテリア・雑貨","家具・収納用品・ハウス","ゲート","320002636"
"ペットインテリア・雑貨","家具・収納用品・ハウス","ペットドア","320002637"
"ペットインテリア・雑貨","家具・収納用品・ハウス","ハンガー・収納雑貨","320002638"
"ペットインテリア・雑貨","家具・収納用品・ハウス","収納家具","320002639"
"ペットインテリア・雑貨","寝具","ベッド","320002640"
"ペットインテリア・雑貨","寝具","マット","320002641"
"ペットインテリア・雑貨","寝具","クッション・カドラー","320002642"
"ペットインテリア・雑貨","寝具","毛布・ブランケット","320002643"
"ペットインテリア・雑貨","寝具","あご枕・枕","320002644"
"ペットインテリア・雑貨","家電","ペットカメラ","320002645"
"ペットインテリア・雑貨","家電","空気清浄機・酸素濃縮器","320002646"
"ペットインテリア・雑貨","家電","暖房・冷房器具","320002647"
"ペットインテリア・雑貨","家電","ドライヤー・ドライヤーハウス","320002648"
"ペットインテリア・雑貨","家電","その他","320002649"
"ペットインテリア・雑貨","オーナーズグッズ","キーホルダー","320002650"
"ペットインテリア・雑貨","オーナーズグッズ","ステッカー","320002651"
"ペットインテリア・雑貨","オーナーズグッズ","Tシャツ","320002652"
"ペットインテリア・雑貨","オーナーズグッズ","その他オーナーズグッズ","320002653"
"メモリアルグッズ","仏具","仏壇","320002654"
"メモリアルグッズ","仏具","線香・香炉","320002655"
"メモリアルグッズ","仏具","ろうそく・ろうそく立て","320002656"
"メモリアルグッズ","仏具","位牌","320002657"
"メモリアルグッズ","仏具","供物皿・水入・花立","320002658"
"メモリアルグッズ","仏具","骨壷・骨袋・カプセル","320002659"
"メモリアルグッズ","仏具","りん","320002660"
"メモリアルグッズ","仏具","仏具セット","320002661"
"熱帯魚・アクアリウム用品","生物","観賞魚","320002662"
"熱帯魚・アクアリウム用品","生物","貝・ヤドカリ","320002663"
"熱帯魚・アクアリウム用品","生物","エビ・ザリガニ","320002664"
"熱帯魚・アクアリウム用品","エサ・医薬品","人工飼料","320002665"
"熱帯魚・アクアリウム用品","エサ・医薬品","生き餌","320002666"
"熱帯魚・アクアリウム用品","エサ・医薬品","冷凍餌","320002667"
"熱帯魚・アクアリウム用品","エサ・医薬品","フリーズドライ飼料","320002668"
"熱帯魚・アクアリウム用品","水槽・アクアリウム","フィルター・エアレーション器具","320002670"
"熱帯魚・アクアリウム用品","水槽・アクアリウム","照明","320002671"
"熱帯魚・アクアリウム用品","水槽・アクアリウム","保温・保冷器具","320002672"
"熱帯魚・アクアリウム用品","水槽・アクアリウム","水槽セット","320002673"
"熱帯魚・アクアリウム用品","水槽・アクアリウム","水質管理用品","320002674"
"熱帯魚・アクアリウム用品","水槽・アクアリウム","キャビネット・水槽台","320002675"
"熱帯魚・アクアリウム用品","水槽・アクアリウム","水槽","320002676"
"熱帯魚・アクアリウム用品","水槽・アクアリウム","掃除用品","320002677"
"熱帯魚・アクアリウム用品","水槽・アクアリウム","金魚鉢","320002678"
"熱帯魚・アクアリウム用品","水槽・アクアリウム","流木・砂利・レイアウト用品","320002679"
"熱帯魚・アクアリウム用品","水槽・アクアリウム","水草","320002680"
"熱帯魚・アクアリウム用品","水槽・アクアリウム","人工水草","320002681"
"熱帯魚・アクアリウム用品","水槽・アクアリウム","バックスクリーン","320002682"
"熱帯魚・アクアリウム用品","水槽・アクアリウム","人工海水","320002683"
"小動物・鳥用品","小動物用品","エサ","320002684"
"小動物・鳥用品","小動物用品","牧草","320002685"
"小動物・鳥用品","小動物用品","ケージ","320002686"
"小動物・鳥用品","小動物用品","トイレタリー","320002687"
"小動物・鳥用品","小動物用品","ウェア","320002688"
"小動物・鳥用品","小動物用品","かじり木・おもちゃ","320002689"
"小動物・鳥用品","小動物用品","ホイール","320002690"
"小動物・鳥用品","小動物用品","ハンモック","320002691"
"小動物・鳥用品","小動物用品","お出かけ・お手入れ用品","320002692"
"小動物・鳥用品","鳥用品","エサ","320002694"
"小動物・鳥用品","鳥用品","かご・キャリー","320002695"
"小動物・鳥用品","鳥用品","止まり木","320002696"
"小動物・鳥用品","鳥用品","おもちゃ","320002697"
"小動物・鳥用品","鳥用品","餌入れ・水やり用品","320002698"
"小動物・鳥用品","鳥用品","水浴び・砂浴び用品","320002699"
"爬虫類・両生類・昆虫用品","爬虫類・両生類","生体","320002701"
"爬虫類・両生類・昆虫用品","爬虫類・両生類","エサ","320002702"
"爬虫類・両生類・昆虫用品","爬虫類・両生類","飼育ケース・アクセサリー","320002703"
"爬虫類・両生類・昆虫用品","昆虫","生体","320002705"
"爬虫類・両生類・昆虫用品","昆虫","エサ","320002706"
"爬虫類・両生類・昆虫用品","昆虫","昆虫ケース","320002707"
"爬虫類・両生類・昆虫用品","昆虫","成虫用マット","320002708"
"爬虫類・両生類・昆虫用品","昆虫","飼育セット","320002709"
"爬虫類・両生類・昆虫用品","昆虫","虫取り網・アクセサリー","320002710"
